year,PM2.5,PM10,SO2,NO2,CO,O3,TEMP,PRES,DEWP,RAIN,WSPM
2013.0,72.63756692961037,91.25715941009416,19.231476112303053,41.25146378094609,1052.0520754844188,61.39919531540231,15.961397058823529,1004.9574891067538,4.471881808278867,0.06606753812636165,1.6476851851851853
2014.0,79.14421551206404,106.31847159685458,20.95833806141603,45.55761131510752,1195.4309744447153,63.08079458897417,14.172511415525113,1008.1536643835616,1.0372602739726027,0.03788812785388128,1.8686415525114155
2015.0,69.67214780791289,94.15370810268557,11.841340809941386,42.79928448349337,1161.8595384483654,57.912187269591904,13.611578197013117,1007.8507274543977,1.844609743004449,0.08255164943953629,1.8392834201631663
2016.0,61.778503044587545,86.42249039096346,8.27761561219345,45.54892506236909,1123.5892964672971,53.904719974856015,13.491735700151024,1007.920727680391,1.6468736871482337,0.06532588377140376,1.9828061454176154
2017.0,80.01228559824561,94.36409062150497,16.41761475239747,50.94755034082758,1524.4001621327275,33.4004096359449,0.5432731665860868,1018.3082175927046,-13.957717909318896,0.0018387439951682192,2.12141456046469
